<application>
  <component name="ProjectManager">
    <defaultProject>
      <component name="PropertiesComponent">
        <property name="last_opened_file_path" value="D:/Wamp64/www/GitHub/Libraries/Java/javafx-sdk-11.0.2/lib/javafx.web.jar!/" />
        <property name="project.structure.last.edited" value="Global Libraries" />
        <property name="project.structure.proportion" value="0.0" />
        <property name="project.structure.side.proportion" value="0.0" />
        <property name="settings.editor.selected.configurable" value="settings.saveactions" />
      </component>
      <component name="SaveActionSettings">
        <option name="actions">
          <set>
            <option value="activate" />
            <option value="organizeImports" />
            <option value="reformat" />
          </set>
        </option>
        <option name="configurationPath" value="" />
      </component>
      <component name="masterDetails">
        <states>
          <state key="GlobalLibrariesConfigurable.UI">
            <settings>
              <last-edited>javafx-11.0.2</last-edited>
              <splitter-proportions>
                <option name="proportions">
                  <list>
                    <option value="0.2" />
                  </list>
                </option>
              </splitter-proportions>
            </settings>
          </state>
          <state key="JdkListConfigurable.UI">
            <settings>
              <splitter-proportions>
                <option name="proportions">
                  <list>
                    <option value="0.2" />
                  </list>
                </option>
              </splitter-proportions>
            </settings>
          </state>
          <state key="ProjectJDKs.UI">
            <settings>
              <last-edited>12</last-edited>
              <splitter-proportions>
                <option name="proportions">
                  <list>
                    <option value="0.2" />
                  </list>
                </option>
              </splitter-proportions>
            </settings>
          </state>
          <state key="ProjectLibrariesConfigurable.UI">
            <settings>
              <splitter-proportions>
                <option name="proportions">
                  <list>
                    <option value="0.2" />
                  </list>
                </option>
              </splitter-proportions>
            </settings>
          </state>
        </states>
      </component>
    </defaultProject>
  </component>
</application>